Model,CV_F1_Mean,CV_F1_Std,CV_Train_F1_Mean,train_accuracy,train_precision,train_recall,train_f1_score,train_roc_auc,train_pr_auc,val_accuracy,val_precision,val_recall,val_f1_score,val_roc_auc,val_pr_auc,test_accuracy,test_precision,test_recall,test_f1_score,test_roc_auc,test_pr_auc,train_val_gap
Hist_Gradient_Boosting,0.769175709624626,0.06869527455653807,0.7679492774133081,0.965,0.6666666666666666,0.8947368421052632,0.7640449438202247,0.9874040082412436,0.8286239224822665,0.9534883720930233,0.6153846153846154,0.8888888888888888,0.7272727272727273,0.9087962962962963,0.49502364919031583,0.9457364341085271,0.5454545454545454,0.75,0.631578947368421,0.8667355371900826,0.5705109126984127,0.036772216547497405
Gradient_Boosting,0.769175709624626,0.06869527455653807,0.7643584914966158,0.965,0.6666666666666666,0.8947368421052632,0.7640449438202247,0.9322438658924894,0.6031578947368421,0.9612403100775194,0.6666666666666666,0.8888888888888888,0.7619047619047619,0.9277777777777778,0.6003445305770887,0.9457364341085271,0.5454545454545454,0.75,0.631578947368421,0.8543388429752066,0.42459478505990134,0.0021401819154628354
Random_Forest,0.7689859378094674,0.0705027876841978,0.8074438110211755,0.9733333333333334,0.7291666666666666,0.9210526315789473,0.813953488372093,0.9811294249859525,0.8164000843648854,0.9457364341085271,0.6,0.6666666666666666,0.631578947368421,0.9722222222222222,0.6471459096459096,0.9457364341085271,0.5454545454545454,0.75,0.631578947368421,0.8553719008264463,0.5403688021600392,0.182374541003672
LDA_Shrinkage,0.7582923738341696,0.06518291125697813,0.7669421414540376,0.9633333333333334,0.6428571428571429,0.9473684210526315,0.7659574468085106,0.9838921146282076,0.7160349882926912,0.9457364341085271,0.5714285714285714,0.8888888888888888,0.6956521739130435,0.9657407407407408,0.5610568443901777,0.9457364341085271,0.5454545454545454,0.75,0.631578947368421,0.9028925619834711,0.5933400460299194,0.07030527289546717
Linear_SVM,0.7569307180607491,0.07091605150355282,0.7647842703646598,0.9616666666666667,0.631578947368421,0.9473684210526315,0.7578947368421053,0.9783667353436973,0.7627643288508646,0.9457364341085271,0.5714285714285714,0.8888888888888888,0.6956521739130435,0.9388888888888889,0.6570947570947572,0.9457364341085271,0.5454545454545454,0.75,0.631578947368421,0.7438016528925621,0.560910718685109,0.06224256292906183
Logistic_ElasticNet,0.7521226193826812,0.0721948235515526,0.7635424016635237,0.9616666666666667,0.631578947368421,0.9473684210526315,0.7578947368421053,0.961696946993819,0.7306073013764067,0.9457364341085271,0.5714285714285714,0.8888888888888888,0.6956521739130435,0.9763888888888889,0.6728395061728395,0.9457364341085271,0.5454545454545454,0.75,0.631578947368421,0.8533057851239669,0.4852008456659619,0.06224256292906183
Logistic_Regression,0.7442926686889535,0.06523047364990858,0.7653993572767906,0.9633333333333334,0.6428571428571429,0.9473684210526315,0.7659574468085106,0.9846881438471623,0.7801965556016323,0.9457364341085271,0.5714285714285714,0.8888888888888888,0.6956521739130435,0.9685185185185186,0.6290309998643333,0.9457364341085271,0.5454545454545454,0.75,0.631578947368421,0.7747933884297521,0.5040827228327228,0.07030527289546717
RBF_SVM,0.732817910790047,0.10562514382949947,0.8064373888030659,0.97,0.6923076923076923,0.9473684210526315,0.8,0.986561153774115,0.7330975497959425,0.9457364341085271,0.5714285714285714,0.8888888888888888,0.6956521739130435,0.9611111111111111,0.5458692542025875,0.9534883720930233,0.6,0.75,0.6666666666666666,0.8450413223140496,0.4890328590785908,0.10434782608695659
SGD_ElasticNet,0.7136949399642899,0.0982424265146256,0.7368913760507493,0.9433333333333334,0.53125,0.8947368421052632,0.6666666666666666,0.9600112380595618,0.7076853053956081,0.9457364341085271,0.5714285714285714,0.8888888888888888,0.6956521739130435,0.9555555555555556,0.5447490780824114,0.937984496124031,0.5,0.75,0.6,0.8223140495867768,0.4977332342798444,-0.02898550724637683
